{"cam/image_array":"2_cam-image_array_.jpg","user/throttle":0.20000000298023225,"user/angle":-0.0049738711677491669,"user/mode":"user","track/lap":0,"track/loc":-1}